,MSE,RMSE,MAE,R2
Training,0.5863293709567744,0.765721470873564,0.6359201872348782,0.9995673171039569
Test,52.708185796779496,7.260040344018723,6.005575065104167,0.9258105029724084
